id,label,image_prompt,display_description,private,user_id,generate_image,created_at,updated_at,status,error,revised_prompt,image_type,open_symbol_status,next_words,no_next,part_of_speech,bg_color,text_color,font_size,border_color
1983,this is the voice shimmer,,,true,,false,2024-04-10 12:17:21 UTC,2024-04-20 19:57:57 UTC,,,,SampleVoice,active,[],false,other,gray,,,
1982,this is the voice nova,,,true,,false,2024-04-10 12:17:20 UTC,2024-04-20 19:57:58 UTC,,,,SampleVoice,active,[],false,other,gray,,,
2013,i,,,false,8,false,2024-04-18 00:26:02 UTC,2024-04-20 19:57:59 UTC,finished,,,User,active,[],false,pronoun,pink,,,
2014,want,,,false,8,false,2024-04-18 00:26:47 UTC,2024-04-20 19:58:00 UTC,finished,,,User,active,[],false,verb,green,,,
131,fast,,,,,false,2024-04-02 17:53:30 UTC,2024-04-02 20:36:13 UTC,,,,,active,"[""run"", ""drive"", ""move"", ""finish"", ""time"", ""approach"", ""race"", ""action"", ""pace"", ""beat"", ""slow"", ""quick"", ""speed"", ""hurry"", ""rapid"", ""sprint"", ""rush"", ""zoom"", ""accelerate"", ""dash"", ""jet"", ""whirl"", ""flash"", ""flee""]",false,,,,,
2015,stop,,,false,8,false,2024-04-18 00:26:58 UTC,2024-04-20 19:58:00 UTC,finished,,,User,active,[],false,verb,green,,,
23,please,please,please,false,,false,2024-04-02 10:50:22 UTC,2024-04-20 19:58:01 UTC,,,"Create a high-resolution image of 'please' in the context of Going to the library for a person at the age of 8-12. This image will be used to create AAC material for people with speech difficulties. Please make the images are clear, simple & appropriate for a person at the age given.",OpenaiPrompt,skipped,[],true,verb,green,,,
8,scared,scared,scared,false,,false,2024-04-01 21:21:28 UTC,2024-04-20 19:58:01 UTC,,,"Create a high-resolution image of 'scared' in the context of Going to the fair for a person at the age of 1-3. This image will be used to create AAC material for people with speech difficulties. Please make the images are clear, simple & appropriate for a person at the age given.",OpenaiPrompt,skipped,"[""help"", ""me"", ""run"", ""hide"", ""scream"", ""cry"", ""shaking"", ""heart"", ""racing"", ""breathing"", ""fast"", ""feel"", ""unsafe"", ""dark"", ""noise"", ""stranger"", ""alone"", ""don't"", ""want"", ""see"", ""hear"", ""go away"", ""not sure"", ""afraid""]",false,adjective,yellow,,,
1978,this is the voice alloy,,,true,,false,2024-04-10 12:17:15 UTC,2024-04-20 19:58:02 UTC,,,,SampleVoice,active,[],false,other,gray,,,
1981,this is the voice onyx,,,true,,false,2024-04-10 12:17:18 UTC,2024-04-20 19:58:02 UTC,,,,SampleVoice,active,[],false,other,gray,,,
1980,this is the voice fable,,,true,,false,2024-04-10 12:17:17 UTC,2024-04-20 19:58:03 UTC,,,,SampleVoice,active,[],false,other,gray,,,
1979,this is the voice echo,,,true,,false,2024-04-10 12:17:16 UTC,2024-04-20 19:58:04 UTC,,,,SampleVoice,active,[],false,other,gray,,,
1984,up,up,up,false,,false,2024-04-10 12:28:18 UTC,2024-04-20 19:58:05 UTC,finished,,"Create a high-resolution image of 'up' in the context of Going to the fair for a person at the age of 1-3. This image will be used to create AAC material for people with speech difficulties. Please make the images are clear, simple & appropriate for a person at the age given.",OpenaiPrompt,active,[],false,preposition,orange,,,
2016,go,,,false,8,false,2024-04-18 00:27:16 UTC,2024-04-20 19:58:05 UTC,finished,,,User,active,[],false,verb,green,,,
1209,you meant,,,,,false,2024-04-02 20:37:20 UTC,2024-04-02 20:40:49 UTC,,,,,active,[],false,,,,,
1988,add a side of fruit,A side of assorted fruit.,A side of assorted fruit.,false,,false,2024-04-14 19:26:32 UTC,2024-04-15 18:01:03 UTC,finished,,,Menu,active,[],false,,,,,
2017,chicken nuggets,,,true,4,false,2024-04-18 11:25:54 UTC,2024-04-20 19:58:06 UTC,,,,User,active,[],false,noun,blue,,,
7,sick,sick,sick,false,,false,2024-04-01 21:21:27 UTC,2024-04-20 19:58:06 UTC,,,"Create a high-resolution image of 'sick' in the context of First day at a new job at McDonalds for a person at the age of 13+. This image will be used to create AAC material for people with speech difficulties. Please make the images are clear, simple & appropriate for a person at the age given.",OpenaiPrompt,active,"[""need"", ""help"", ""medicine"", ""doctor"", ""rest"", ""pain"", ""symptoms"", ""drink"", ""water"", ""eat"", ""food"", ""sleep"", ""bathroom"", ""hot"", ""cold"", ""comfortable"", ""uncomfortable"", ""feel"", ""worse"", ""better"", ""nausea"", ""headache"", ""fever"", ""cough""]",false,adjective,yellow,,,
1986,add two strips of bacon,Two strips of bacon.,Two strips of bacon.,false,,false,2024-04-14 19:26:27 UTC,2024-04-14 19:28:01 UTC,finished,,,Menu,active,[],false,,,,,
1989,"two eggs, two pieces of bacon or sausage","Two eggs with bacon or sausage, hamburger or cheeseburger, and a side of fruit or toast.","Two eggs with bacon or sausage, hamburger or cheeseburger, and a side of fruit or toast.",false,,false,2024-04-14 19:26:34 UTC,2024-04-14 19:28:02 UTC,finished,,,Menu,active,[],false,,,,,
1987,"add chicken, bacon or breakfast sausage","Choice of chicken, bacon, or breakfast sausage.","Choice of chicken, bacon, or breakfast sausage.",false,,false,2024-04-14 19:26:29 UTC,2024-04-14 19:28:02 UTC,finished,,,Menu,active,[],false,,,,,
1993,kids fruit,A serving of assorted fruit for kids.,A serving of assorted fruit for kids.,false,,false,2024-04-14 19:26:42 UTC,2024-04-14 19:28:55 UTC,finished,,,Menu,active,[],false,,,,,
1992,gluten-free toast,Pieces of gluten-free toasted bread.,Pieces of gluten-free toasted bread.,false,,false,2024-04-14 19:26:40 UTC,2024-04-14 19:28:56 UTC,finished,,,Menu,active,[],false,,,,,
1990,one egg,One cooked egg.,One cooked egg.,false,,false,2024-04-14 19:26:35 UTC,2024-04-14 19:28:56 UTC,finished,,,Menu,active,[],false,,,,,
1991,half order of home fries,A half serving of home fries.,A half serving of home fries.,false,,false,2024-04-14 19:26:37 UTC,2024-04-14 19:28:57 UTC,finished,,,Menu,active,[],false,,,,,
1985,milk,A glass of milk.,A glass of milk.,false,,false,2024-04-14 19:26:25 UTC,2024-04-14 20:22:07 UTC,finished,,,Menu,active,[],false,,,,,
357,hospital,,,,,false,2024-04-02 18:04:33 UTC,2024-04-03 03:09:21 UTC,,,,,active,"[""doctor"", ""nurse"", ""pain"", ""medicine"", ""treatment"", ""surgery"", ""test"", ""scan"", ""bed"", ""ward"", ""emergency"", ""appointment"", ""symptoms"", ""diagnosis"", ""visit"", ""discharge"", ""admission"", ""injection"", ""rest"", ""operation"", ""checkup"", ""vitals"", ""recovery"", ""health""]",false,,,,,
816,i go,,,,,false,2024-04-02 20:26:48 UTC,2024-04-02 20:28:37 UTC,,,,,active,[],false,,,,,
2018,brush teeth,,,false,3,false,2024-04-18 19:59:03 UTC,2024-04-20 19:58:07 UTC,finished,,,User,active,[],false,verb,green,,,
1994,peanut butter & jelly sandwich,,,false,,false,2024-04-14 19:50:13 UTC,2024-04-20 19:58:07 UTC,finished,,,User,active,[],false,noun,blue,,,
786,so,,,,,false,2024-04-02 20:26:01 UTC,2024-04-02 20:28:33 UTC,,,,,active,[],false,,,,,
667,loved,,,,,false,2024-04-02 20:23:22 UTC,2024-04-02 20:23:23 UTC,,,,,active,[],false,,,,,
2002,bag,bag,bag,false,,false,2024-04-15 18:45:20 UTC,2024-04-20 19:58:10 UTC,finished,,"Create a high-resolution image of 'bag' in the context of Getting ready for school & catching the bus in winter time. for a person at the age of 4-6. This image will be used to create AAC material for people with speech difficulties. Please make the images are clear, simple & appropriate for a person at the age given.",OpenaiPrompt,active,[],false,noun,blue,,,
2001,boots,boots,boots,false,,false,2024-04-15 18:45:17 UTC,2024-04-20 19:58:11 UTC,finished,,"Create a high-resolution image of 'boots' in the context of Getting ready for school & catching the bus in winter time. for a person at the age of 4-6. This image will be used to create AAC material for people with speech difficulties. Please make the images are clear, simple & appropriate for a person at the age given.",OpenaiPrompt,active,[],false,noun,blue,,,
1997,brush,brush,brush,false,,false,2024-04-15 18:45:12 UTC,2024-04-20 19:58:12 UTC,finished,,"Create a high-resolution image of 'brush' in the context of Getting ready for school & catching the bus in winter time. for a person at the age of 4-6. This image will be used to create AAC material for people with speech difficulties. Please make the images are clear, simple & appropriate for a person at the age given.",OpenaiPrompt,active,[],false,noun,blue,,,
2004,school,school,school,false,,false,2024-04-15 18:45:24 UTC,2024-04-20 19:58:12 UTC,finished,,"Create a high-resolution image of 'school' in the context of Getting ready for school & catching the bus in winter time. for a person at the age of 4-6. This image will be used to create AAC material for people with speech difficulties. Please make the images are clear, simple & appropriate for a person at the age given.",OpenaiPrompt,active,[],false,noun,blue,,,
1998,coat,coat,coat,false,,false,2024-04-15 18:45:14 UTC,2024-04-20 19:58:13 UTC,finished,,"Create a high-resolution image of 'coat' in the context of Getting ready for school & catching the bus in winter time. for a person at the age of 4-6. This image will be used to create AAC material for people with speech difficulties. Please make the images are clear, simple & appropriate for a person at the age given.",OpenaiPrompt,active,[],false,noun,blue,,,
1999,hat,hat,hat,false,,false,2024-04-15 18:45:15 UTC,2024-04-20 19:58:13 UTC,finished,,"Create a high-resolution image of 'hat' in the context of Getting ready for school & catching the bus in winter time. for a person at the age of 4-6. This image will be used to create AAC material for people with speech difficulties. Please make the images are clear, simple & appropriate for a person at the age given.",OpenaiPrompt,active,[],false,noun,blue,,,
2003,bus,bus,bus,false,,false,2024-04-15 18:45:22 UTC,2024-04-20 19:58:08 UTC,finished,,"Create a high-resolution image of 'bus' in the context of Getting ready for school & catching the bus in winter time. for a person at the age of 4-6. This image will be used to create AAC material for people with speech difficulties. Please make the images are clear, simple & appropriate for a person at the age given.",OpenaiPrompt,active,[],false,noun,blue,,,
1996,time,time,time,false,,false,2024-04-15 18:45:10 UTC,2024-04-20 19:58:08 UTC,finished,,"Create a high-resolution image of 'time' in the context of Getting ready for school & catching the bus in winter time. for a person at the age of 4-6. This image will be used to create AAC material for people with speech difficulties. Please make the images are clear, simple & appropriate for a person at the age given.",OpenaiPrompt,active,[],false,noun,blue,,,
2000,gloves,gloves,gloves,false,,false,2024-04-15 18:45:16 UTC,2024-04-20 19:58:09 UTC,finished,,"Create a high-resolution image of 'gloves' in the context of Getting ready for school & catching the bus in winter time. for a person at the age of 4-6. This image will be used to create AAC material for people with speech difficulties. Please make the images are clear, simple & appropriate for a person at the age given.",OpenaiPrompt,active,[],false,noun,blue,,,
1995,wake,wake,wake,false,,false,2024-04-15 18:45:09 UTC,2024-04-20 19:58:09 UTC,finished,,"Create a high-resolution image of 'wake' in the context of Getting ready for school & catching the bus in winter time. for a person at the age of 4-6. This image will be used to create AAC material for people with speech difficulties. Please make the images are clear, simple & appropriate for a person at the age given.",OpenaiPrompt,active,[],false,verb,green,,,
847,aching,,,,,false,2024-04-02 20:27:45 UTC,2024-04-02 20:28:40 UTC,,,,,active,[],false,,,,,
109,miss,,,,,false,2024-04-02 17:52:08 UTC,2024-04-02 20:29:08 UTC,,,,,active,"[""you"", ""her"", ""him"", ""them"", ""it"", ""us"", ""home"", ""school"", ""work"", ""bus"", ""train"", ""flight"", ""game"", ""show"", ""opportunity"", ""meeting"", ""party"", ""class"", ""my family"", ""my friends"", ""the fun"", ""the excitement"", ""the chance"", ""the old times""]",false,,,,,
2005,barney,,,false,,false,2024-04-16 19:20:34 UTC,2024-04-20 19:58:14 UTC,finished,,,User,skipped,[],false,noun,blue,,,
861,job,,,,,false,2024-04-02 20:28:03 UTC,2024-04-02 20:28:41 UTC,,,,,active,[],false,,,,,
706,did,,,,,false,2024-04-02 20:24:01 UTC,2024-04-02 20:28:19 UTC,,,,,active,[],false,,,,,
1229,procedure,,,,,false,2024-04-02 20:37:41 UTC,2024-04-02 20:40:51 UTC,,,,,active,[],false,,,,,
2006,bluey,,,false,,false,2024-04-16 19:25:24 UTC,2024-04-20 19:58:15 UTC,finished,,,User,active,[],false,noun,blue,,,
1283,short,,,,,false,2024-04-02 20:38:30 UTC,2024-04-02 20:40:57 UTC,,,,,active,[],false,,,,,
1306,a decision,,,,,false,2024-04-02 20:38:46 UTC,2024-04-10 10:33:57 UTC,finished,,,,active,[],false,,,,,
1308,a meal,,,,,false,2024-04-02 20:38:48 UTC,2024-04-07 20:26:59 UTC,finished,,,,active,[],false,,,,,
1309,a plan,,,,,false,2024-04-02 20:38:48 UTC,2024-04-09 21:03:27 UTC,finished,,,,active,[],false,,,,,
1314,an effort,,,,,false,2024-04-02 20:38:53 UTC,2024-04-02 20:41:00 UTC,,,,,active,[],false,,,,,
1320,it happen,,,,,false,2024-04-02 20:38:57 UTC,2024-04-02 20:41:01 UTC,,,,,active,[],false,,,,,
2007,blippi,,,false,,false,2024-04-16 19:27:32 UTC,2024-04-20 19:58:15 UTC,finished,,,User,skipped,[],false,other,gray,,,
1289,sentence,,,,,false,2024-04-02 20:38:34 UTC,2024-04-02 20:40:57 UTC,,,,,active,[],false,,,,,
1295,author,,,,,false,2024-04-02 20:38:38 UTC,2024-04-07 16:26:26 UTC,finished,,,,active,[],false,,,,,
1478,spicy,,,,,false,2024-04-02 21:36:37 UTC,2024-04-02 21:37:36 UTC,,,,,active,[],false,,,,,
2008,mickey mouse,,,false,,false,2024-04-16 19:33:17 UTC,2024-04-20 19:58:16 UTC,finished,,,User,active,[],false,noun,blue,,,
136,it,,,,,false,2024-04-02 17:53:44 UTC,2024-04-02 20:39:39 UTC,,,,,active,"[""is"", ""was"", ""can"", ""cannot"", ""will"", ""won't"", ""does"", ""does not"", ""has"", ""has not"", ""needs"", ""requires"", ""seems"", ""looks"", ""feels"", ""sounds"", ""tastes"", ""smells"", ""hurts"", ""works"", ""doesn't work"", ""is there"", ""is not there"", ""belongs to""]",false,,,,,
1333,thing,,,,,false,2024-04-02 20:39:10 UTC,2024-04-02 20:41:02 UTC,,,,,active,[],false,,,,,
1350,do not want,,,,,false,2024-04-02 20:39:31 UTC,2024-04-02 20:41:04 UTC,,,,,active,[],false,,,,,
1364,is there,,,,,false,2024-04-02 20:39:49 UTC,2024-04-02 20:41:05 UTC,,,,,active,[],false,,,,,
888,dance,dance,dance,false,,false,2024-04-02 20:29:21 UTC,2024-04-20 19:58:16 UTC,,,"Create a high-resolution image of 'dance' in the context of Attending a wedding for a person at the age of 13+. This image will be used to create AAC material for people with speech difficulties. Please make the images are clear, simple & appropriate for a person at the age given.",OpenaiPrompt,active,[],false,noun,blue,,,
2009,finding nemo,,,false,,false,2024-04-16 19:56:33 UTC,2024-04-20 19:58:17 UTC,finished,,,User,skipped,[],false,noun,blue,,,
899,breath,,,,,false,2024-04-02 20:29:47 UTC,2024-04-02 20:29:48 UTC,,,,,active,[],false,,,,,
1543,tastes bad,,,,,false,2024-04-03 03:05:40 UTC,2024-04-03 03:05:40 UTC,,,,,active,[],false,,,,,
1487,choice,,,,,false,2024-04-02 21:36:52 UTC,2024-04-02 21:37:37 UTC,,,,,active,[],false,,,,,
2012,baby shark,,,false,,false,2024-04-16 20:09:13 UTC,2024-04-20 19:58:18 UTC,finished,,,User,active,[],false,noun,blue,,,
2010,doctor dolittle,,,false,,false,2024-04-16 20:05:50 UTC,2024-04-20 19:58:18 UTC,finished,,,User,active,[],false,noun,blue,,,
2011,coco melon,,,false,,false,2024-04-16 20:07:29 UTC,2024-04-20 19:58:19 UTC,finished,,,User,skipped,[],false,other,gray,,,
914,read book,,,,,false,2024-04-02 20:29:56 UTC,2024-04-02 20:29:57 UTC,,,,,active,[],false,,,,,
1389,the gate,,,,,false,2024-04-02 20:40:23 UTC,2024-04-02 20:41:08 UTC,,,,,active,[],false,,,,,
919,stressed,stressed,stressed,false,,false,2024-04-02 20:30:09 UTC,2024-04-20 19:58:19 UTC,,,"Create a high-resolution image of 'stressed' in the context of First day at a new job at McDonalds for a person at the age of 13+. This image will be used to create AAC material for people with speech difficulties. Please make the images are clear, simple & appropriate for a person at the age given.",OpenaiPrompt,skipped,[],false,adjective,yellow,,,
17,yes,,,,,false,2024-04-02 10:50:22 UTC,2024-04-20 19:58:20 UTC,finished,,,Image,skipped,[],true,interjection,teal,,,
958,realized,,,,,false,2024-04-02 20:30:40 UTC,2024-04-02 20:30:41 UTC,,,,,active,[],false,,,,,
282,social anxiety,,,,,false,2024-04-02 18:01:27 UTC,2024-04-03 03:07:21 UTC,,,,,active,"[""help"", ""feel"", ""scared"", ""nervous"", ""uncomfortable"", ""people"", ""crowd"", ""alone"", ""avoid"", ""meeting"", ""party"", ""panic"", ""calm"", ""relax"", ""safe"", ""share"", ""difficult"", ""talk"", ""quiet"", ""hide"", ""overwhelm"", ""fear"", ""stress"", ""cope""]",false,,,,,
252,because,,,,,false,2024-04-02 17:59:44 UTC,2024-04-03 03:09:32 UTC,,,,,active,"[""I want"", ""I need"", ""you"", ""they"", ""we"", ""it"", ""is"", ""not"", ""can"", ""will"", ""did"", ""do"", ""have"", ""am"", ""are"", ""was"", ""were"", ""has"", ""had"", ""of"", ""to"", ""in"", ""on"", ""at""]",false,,,,,
26,i want,,,,,false,2024-04-02 10:50:22 UTC,2024-04-03 01:31:11 UTC,,,,,active,"[""to go"", ""to eat"", ""to drink"", ""to play"", ""to sleep"", ""to watch"", ""to read"", ""to listen"", ""more"", ""help"", ""stop"", ""water"", ""food"", ""bathroom"", ""rest"", ""home"", ""outside"", ""inside"", ""quiet"", ""music"", ""tv"", ""book"", ""game"", ""hug""]",false,,,,,
1021,next time,,,,,false,2024-04-02 20:31:33 UTC,2024-04-02 20:31:34 UTC,,,,,active,[],false,,,,,
501,comfort,comfort,comfort,false,,false,2024-04-02 18:54:28 UTC,2024-04-20 19:58:21 UTC,,,"Create a high-resolution image of 'comfort' in the context of vacation for a person at the age of 0-3. This image will be used to create AAC material for people with speech difficulties. Please make the images are clear, simple & appropriate for a person at the age given.",OpenaiPrompt,active,[],false,noun,blue,,,
1060,to visit,,,,,false,2024-04-02 20:32:08 UTC,2024-04-02 20:32:10 UTC,,,,,active,[],false,,,,,
1065,to call,,,,,false,2024-04-02 20:32:13 UTC,2024-04-02 20:32:15 UTC,,,,,active,[],false,,,,,
496,snack,,,,,false,2024-04-02 18:09:30 UTC,2024-04-02 20:32:58 UTC,,,,,active,[],false,,,,,
1408,image,,,,,false,2024-04-02 21:34:22 UTC,2024-04-02 21:34:23 UTC,,,,,active,[],false,,,,,
1083,full,full,full,false,,false,2024-04-02 20:32:39 UTC,2024-04-20 19:58:21 UTC,,,"Create a high-resolution image of 'full' in the context of Getting ready for school & catching the bus in winter time. for a person at the age of 4-6. This image will be used to create AAC material for people with speech difficulties. Please make the images are clear, simple & appropriate for a person at the age given.",OpenaiPrompt,active,[],false,adjective,yellow,,,
1070,medication,,,,,false,2024-04-02 20:32:21 UTC,2024-04-02 20:32:22 UTC,,,,,active,[],false,,,,,
1079,closed,,,,,false,2024-04-02 20:32:34 UTC,2024-04-02 20:32:36 UTC,,,,,active,[],false,,,,,
1150,pajamas,pajamas,pajamas,false,,false,2024-04-02 20:36:23 UTC,2024-04-20 19:58:22 UTC,,,"Create a high-resolution image of 'pajamas' in the context of Going to grandma's house for a sleep over for a person at the age of 1-3. This image will be used to create AAC material for people with speech difficulties. Please make the images are clear, simple & appropriate for a person at the age given.",OpenaiPrompt,active,[],false,noun,blue,,,
1101,dont want,,,,,false,2024-04-02 20:33:00 UTC,2024-04-02 20:33:01 UTC,,,,,active,[],false,,,,,
1129,on bench,,,,,false,2024-04-02 20:33:35 UTC,2024-04-02 20:33:37 UTC,,,,,active,[],false,,,,,
82,eat,eat,eat,false,,false,2024-04-02 17:50:44 UTC,2024-04-20 19:58:23 UTC,finished,,"Create a high-resolution image of 'eat' in the context of Getting ready for school & catching the bus in winter time. for a person at the age of 4-6. This image will be used to create AAC material for people with speech difficulties. Please make the images are clear, simple & appropriate for a person at the age given.",OpenaiPrompt,active,"[""Breakfast"", ""Lunch"", ""Dinner"", ""Snack"", ""Hungry"", ""Full"", ""Tasty"", ""Yucky"", ""Hot"", ""Cold"", ""More"", ""Finished"", ""Drink"", ""Food"", ""Want"", ""Don't want"", ""Too much"", ""Little bit"", ""Fast"", ""Slow"", ""Sweet"", ""Salty"", ""Fruits"", ""Vegetables""]",false,verb,green,,,
32,play,play,play,false,,false,2024-04-02 10:50:23 UTC,2024-04-20 19:58:23 UTC,,,"Create a high-resolution image of 'play' in the context of vacation for a person at the age of 0-3. This image will be used to create AAC material for people with speech difficulties. Please make the images are clear, simple & appropriate for a person at the age given.",OpenaiPrompt,active,"[""ball"", ""game"", ""toys"", ""friends"", ""outside"", ""inside"", ""music"", ""video"", ""fun"", ""doll"", ""car"", ""blocks"", ""puzzle"", ""cards"", ""book"", ""swing"", ""slide"", ""jump"", ""run"", ""hide"", ""seek"", ""coloring"", ""painting"", ""drawing""]",false,verb,green,,,
18,no,,,,,false,2024-04-02 10:50:22 UTC,2024-04-03 17:34:37 UTC,finished,,,,active,[],true,,,,,
142,carry,,,,,false,2024-04-02 17:54:01 UTC,2024-04-02 20:38:24 UTC,,,,,active,"[""me"", ""you"", ""it"", ""this"", ""that"", ""here"", ""there"", ""up"", ""down"", ""in"", ""out"", ""bag"", ""box"", ""can"", ""help"", ""please"", ""heavy"", ""light"", ""far"", ""near"", ""long"", ""short"", ""too much"", ""not much""]",false,,,,,
251,that makes me,,,,,false,2024-04-02 17:59:40 UTC,2024-04-02 17:59:44 UTC,,,,,active,[],false,,,,,
296,merry,,,,,false,2024-04-02 18:01:59 UTC,2024-04-03 03:07:36 UTC,,,,,active,[],true,,,,,
359,vomiting,,,,,false,2024-04-02 18:04:42 UTC,2024-04-02 18:04:42 UTC,,,,,active,[],false,,,,,
541,mourning,,,,,false,2024-04-02 18:55:32 UTC,2024-04-02 19:31:45 UTC,,,,,active,[],false,,,,,
437,astonished,,,,,false,2024-04-02 18:06:53 UTC,2024-04-09 18:38:59 UTC,,,,,skipped,[],false,,,,,
598,story,story,story,false,,false,2024-04-02 19:09:57 UTC,2024-04-20 19:58:24 UTC,,,"Create a high-resolution image of 'story' in the context of Going to grandma's house for a sleep over for a person at the age of 1-3. This image will be used to create AAC material for people with speech difficulties. Please make the images are clear, simple & appropriate for a person at the age given.",OpenaiPrompt,active,[],false,noun,blue,,,
489,they,,,,,false,2024-04-02 18:08:59 UTC,2024-04-02 19:11:37 UTC,,,,,active,[],false,,,,,
524,pour,,,,,false,2024-04-02 18:55:07 UTC,2024-04-02 18:56:16 UTC,,,,,active,[],false,,,,,
599,notes,,,,,false,2024-04-02 19:09:58 UTC,2024-04-02 19:11:39 UTC,,,,,active,[],false,,,,,
644,nextwords help,,,,,false,2024-04-02 19:33:28 UTC,2024-04-02 19:33:36 UTC,,,,,active,[],false,,,,,
1116,isolated,,,,,false,2024-04-02 20:33:19 UTC,2024-04-02 20:33:21 UTC,,,,,active,[],false,,,,,
1141,action,,,,,false,2024-04-02 20:36:16 UTC,2024-04-07 13:21:28 UTC,finished,,,,active,[],false,,,,,
1214,return,return,return,false,,false,2024-04-02 20:37:22 UTC,2024-04-20 19:58:24 UTC,,,"Create a high-resolution image of 'return' in the context of Going to the library for a person at the age of 8-12. This image will be used to create AAC material for people with speech difficulties. Please make the images are clear, simple & appropriate for a person at the age given.",OpenaiPrompt,active,[],false,verb,green,,,
1578,bacon  eggs,"Bacon and eggs prepared any style, served with toast.","Bacon and eggs prepared any style, served with toast.",false,,false,2024-04-03 17:26:26 UTC,2024-04-03 17:27:49 UTC,finished,,,Menu,active,[],false,,,,,
1580,ham  pineapple pizza,Ham and pineapple pizza topped with napolitana sauce and mozzarella cheese.,Ham and pineapple pizza topped with napolitana sauce and mozzarella cheese.,false,,false,2024-04-03 17:26:31 UTC,2024-04-03 17:27:50 UTC,finished,,,Menu,active,[],false,,,,,
1572,cheese  tomato pizza,Cheese and tomato pizza with napolitana sauce and mozzarella cheese,Cheese and tomato pizza with napolitana sauce and mozzarella cheese,false,,false,2024-04-03 17:16:35 UTC,2024-04-03 17:17:57 UTC,finished,,,Menu,active,[],false,,,,,
232,quiet,quiet,quiet,false,,false,2024-04-02 17:58:46 UTC,2024-04-20 19:58:25 UTC,,,"Create a high-resolution image of 'quiet' in the context of Attending a wedding for a person at the age of 13+. This image will be used to create AAC material for people with speech difficulties. Please make the images are clear, simple & appropriate for a person at the age given.",OpenaiPrompt,active,[],false,adjective,yellow,,,
1585,card,card,card,false,,false,2024-04-03 17:29:10 UTC,2024-04-20 19:58:25 UTC,finished,,"Create a high-resolution image of 'card' in the context of Going to the library for a person at the age of 8-12. This image will be used to create AAC material for people with speech difficulties. Please make the images are clear, simple & appropriate for a person at the age given.",OpenaiPrompt,active,[],false,noun,blue,,,
1037,computer,computer,computer,false,,false,2024-04-02 20:31:47 UTC,2024-04-20 19:58:26 UTC,,,"Create a high-resolution image of 'computer' in the context of Going to the library for a person at the age of 8-12. This image will be used to create AAC material for people with speech difficulties. Please make the images are clear, simple & appropriate for a person at the age given.",OpenaiPrompt,active,[],false,noun,blue,,,
1581,books,books,books,false,,false,2024-04-03 17:29:05 UTC,2024-04-20 19:58:26 UTC,finished,,"Create a high-resolution image of 'books' in the context of Going to the library for a person at the age of 8-12. This image will be used to create AAC material for people with speech difficulties. Please make the images are clear, simple & appropriate for a person at the age given.",OpenaiPrompt,active,[],false,noun,blue,,,
1582,instructions,instructions,instructions,false,,false,2024-04-03 17:29:06 UTC,2024-04-20 19:58:27 UTC,finished,,"Create a high-resolution image of 'instructions' in the context of Going to the library for a person at the age of 8-12. This image will be used to create AAC material for people with speech difficulties. Please make the images are clear, simple & appropriate for a person at the age given.",OpenaiPrompt,skipped,[],false,noun,blue,,,
1568,pancakes,Pancakes with maple syrup and ice cream.,Pancakes with maple syrup and ice cream.,false,,false,2024-04-03 17:16:30 UTC,2024-04-17 14:37:27 UTC,finished,,,Menu,active,[],false,,,,,
1570,bluewater breaky,"A hearty breakfast plate with egg, bacon, hash brown, sausage and toast.","A hearty breakfast plate with egg, bacon, hash brown, sausage and toast.",false,,false,2024-04-03 17:16:33 UTC,2024-04-17 14:37:27 UTC,finished,,,Menu,active,[],false,,,,,
1571,spaghetti pasta,Spaghetti pasta with tomato or cheesy sauce and cheese.,Spaghetti pasta with tomato or cheesy sauce and cheese.,false,,false,2024-04-03 17:16:34 UTC,2024-04-17 14:37:27 UTC,finished,,,Menu,active,[],false,,,,,
1574,battered fish,Battered fish with choice of chips or salad.,Battered fish with choice of chips or salad.,false,,false,2024-04-03 17:16:37 UTC,2024-04-17 14:37:27 UTC,finished,,,Menu,active,[],false,,,,,
1576,beef burger with cheese,Beef burger with cheese and choice of chips or salad.,Beef burger with cheese and choice of chips or salad.,false,,false,2024-04-03 17:16:39 UTC,2024-04-17 14:37:27 UTC,finished,,,Menu,active,[],false,,,,,
1577,chicken burger with cheese,Chicken burger with cheese and choice of chips or salad.,Chicken burger with cheese and choice of chips or salad.,false,,false,2024-04-03 17:16:40 UTC,2024-04-17 14:37:27 UTC,finished,,,Menu,active,[],false,,,,,
236,read,read,read,false,,false,2024-04-02 17:59:01 UTC,2024-04-20 19:58:29 UTC,,,"Create a high-resolution image of 'read' in the context of Going to the library for a person at the age of 8-12. This image will be used to create AAC material for people with speech difficulties. Please make the images are clear, simple & appropriate for a person at the age given.",OpenaiPrompt,active,[],false,verb,green,,,
1586,borrow,borrow,borrow,false,,false,2024-04-03 17:29:11 UTC,2024-04-20 19:58:30 UTC,finished,,"Create a high-resolution image of 'borrow' in the context of Going to the library for a person at the age of 8-12. This image will be used to create AAC material for people with speech difficulties. Please make the images are clear, simple & appropriate for a person at the age given.",OpenaiPrompt,skipped,[],false,verb,green,,,
1587,restroom,restroom,restroom,false,,false,2024-04-03 17:29:12 UTC,2024-04-20 19:58:30 UTC,finished,the server responded with status 400,"Create a high-resolution image of 'restroom' in the context of Going to the fair for a person at the age of 10-12. This image will be used to create AAC material for people with speech difficulties. Please make the images are clear, simple & appropriate for a person at the age given.",OpenaiPrompt,skipped,[],false,noun,blue,,,
243,listen,listen,listen,false,,false,2024-04-02 17:59:12 UTC,2024-04-20 19:58:32 UTC,,,"Create a high-resolution image of 'listen' in the context of Going to the library for a person at the age of 8-12. This image will be used to create AAC material for people with speech difficulties. Please make the images are clear, simple & appropriate for a person at the age given.",OpenaiPrompt,active,[],true,verb,green,,,
1584,librarian,librarian,librarian,false,,false,2024-04-03 17:29:09 UTC,2024-04-20 19:58:33 UTC,finished,,"Create a high-resolution image of 'librarian' in the context of Going to the library for a person at the age of 8-12. This image will be used to create AAC material for people with speech difficulties. Please make the images are clear, simple & appropriate for a person at the age given.",OpenaiPrompt,active,[],false,noun,blue,,,
1583,interest,interest,interest,false,,false,2024-04-03 17:29:07 UTC,2024-04-20 19:58:33 UTC,finished,,"Create a high-resolution image of 'interest' in the context of Going to the library for a person at the age of 8-12. This image will be used to create AAC material for people with speech difficulties. Please make the images are clear, simple & appropriate for a person at the age given.",OpenaiPrompt,skipped,[],false,noun,blue,,,
3,sad,sad,sad,false,,false,2024-04-01 21:21:23 UTC,2024-04-20 19:58:28 UTC,,,"Create a high-resolution image of 'sad' in the context of Going to grandma's house for a sleep over for a person at the age of 1-3. This image will be used to create AAC material for people with speech difficulties. Please make the images are clear, simple & appropriate for a person at the age given.",OpenaiPrompt,active,"[""feel"", ""because"", ""cry"", ""tears"", ""hurt"", ""lonely"", ""miss"", ""sorry"", ""upset"", ""depressed"", ""grieve"", ""mourn"", ""pain"", ""trouble"", ""distress"", ""sorrow"", ""regret"", ""suffer"", ""heartbroken"", ""anxious"", ""despair"", ""disappointed"", ""hopeless"", ""gloomy""]",false,adjective,yellow,,,
25,sorry,sorry,sorry,false,,false,2024-04-02 10:50:22 UTC,2024-04-20 19:58:28 UTC,,,"Create a high-resolution image of 'sorry' in the context of Going to a birthday party for a person at the age of 8-12. This image will be used to create AAC material for people with speech difficulties. Please make the images are clear, simple & appropriate for a person at the age given.",OpenaiPrompt,active,[],true,interjection,teal,,,
24,thank you,thank you,thank you,false,,false,2024-04-02 10:50:22 UTC,2024-04-20 19:58:29 UTC,,,"Create a high-resolution image of 'thank you' in the context of Going to the library for a person at the age of 8-12. This image will be used to create AAC material for people with speech difficulties. Please make the images are clear, simple & appropriate for a person at the age given.",OpenaiPrompt,active,[],true,interjection,teal,,,
1599,cheers,cheers,cheers,false,,false,2024-04-03 18:27:00 UTC,2024-04-20 19:58:31 UTC,,,"Create a high-resolution image of 'cheers' in the context of Attending a wedding for a person at the age of 13+. This image will be used to create AAC material for people with speech difficulties. Please make the images are clear, simple & appropriate for a person at the age given.",OpenaiPrompt,active,[],false,noun,blue,,,
1028,leave,leave,leave,false,,false,2024-04-02 20:31:42 UTC,2024-04-20 19:58:32 UTC,,,"Create a high-resolution image of 'leave' in the context of Going to the library for a person at the age of 8-12. This image will be used to create AAC material for people with speech difficulties. Please make the images are clear, simple & appropriate for a person at the age given.",OpenaiPrompt,active,[],false,verb,green,,,
1600,good evening,Create an image representing 'Good evening'.,,,,false,2024-04-03 18:27:01 UTC,2024-04-03 18:27:03 UTC,,,,,active,[],false,,,,,
1662,passport,Create an image representing 'Passport'.,,,,false,2024-04-03 18:31:13 UTC,2024-04-03 18:31:14 UTC,,,,,active,[],false,,,,,
1665,yesterday,Create an image representing 'Yesterday'.,,,,false,2024-04-03 18:31:16 UTC,2024-04-03 18:31:17 UTC,,,,,active,[],false,,,,,
1691,zoo,zoo,zoo,false,,false,2024-04-03 18:33:34 UTC,2024-04-20 19:58:34 UTC,,,"Create a high-resolution image of 'zoo' in the context of vacation for a person at the age of 0-3. This image will be used to create AAC material for people with speech difficulties. Please make the images are clear, simple & appropriate for a person at the age given.",OpenaiPrompt,skipped,[],false,noun,blue,,,
1678,test,Create an image representing 'Test'.,,,,false,2024-04-03 18:31:31 UTC,2024-04-20 19:58:35 UTC,finished,,,Image,active,[],false,noun,blue,,,
1726,relaxation,Create an image representing 'Relaxation'.,,,,false,2024-04-03 18:34:17 UTC,2024-04-03 18:34:19 UTC,,,,,active,[],false,,,,,
1740,personal care product,Create an image representing 'Personal care product'.,,,,false,2024-04-03 18:34:32 UTC,2024-04-03 18:34:33 UTC,,,,,active,[],false,,,,,
1741,electronics,Create an image representing 'Electronics'.,,,,false,2024-04-03 18:34:33 UTC,2024-04-03 18:34:34 UTC,,,,,active,[],false,,,,,
1757,ticket,Create an image representing 'Ticket'.,,,,false,2024-04-03 18:34:48 UTC,2024-04-03 18:34:49 UTC,,,,,active,[],false,,,,,
1783,mosque,Create an image representing 'Mosque'.,,,,false,2024-04-03 18:35:16 UTC,2024-04-03 18:35:17 UTC,,,,,active,[],false,,,,,
1789,museum,Create an image representing 'Museum'.,,,,false,2024-04-03 18:35:23 UTC,2024-04-03 18:35:24 UTC,,,,,active,[],false,,,,,
1820,app,Create an image representing 'App'.,,,,false,2024-04-03 18:35:56 UTC,2024-04-03 18:35:57 UTC,,,,,active,[],false,,,,,
1588,hello,hello,hello,false,,false,2024-04-03 18:26:09 UTC,2024-04-20 19:58:36 UTC,finished,,"Create a high-resolution image of 'hello' in the context of First day at a new job at McDonalds for a person at the age of 13+. This image will be used to create AAC material for people with speech difficulties. Please make the images are clear, simple & appropriate for a person at the age given.",OpenaiPrompt,skipped,[],false,interjection,teal,,,
1892,congratulations,congratulations,congratulations,false,,false,2024-04-03 18:52:00 UTC,2024-04-20 19:58:36 UTC,,,"Create a high-resolution image of 'congratulations' in the context of Attending a wedding for a person at the age of 13+. This image will be used to create AAC material for people with speech difficulties. Please make the images are clear, simple & appropriate for a person at the age given.",OpenaiPrompt,skipped,[],false,noun,blue,,,
1307,a difference,,,,,false,2024-04-02 20:38:47 UTC,2024-04-07 20:31:25 UTC,finished,,,,active,[],false,,,,,
29,thirsty,thirsty,thirsty,false,,false,2024-04-02 10:50:22 UTC,2024-04-20 19:58:38 UTC,finished,,"Create a high-resolution image of 'thirsty' in the context of Going camping for a person at the age of 7-9. This image will be used to create AAC material for people with speech difficulties. Please make the images are clear, simple & appropriate for a person at the age given.",OpenaiPrompt,skipped,"[""water"", ""drink"", ""juice"", ""milk"", ""soda"", ""tea"", ""coffee"", ""cold"", ""hot"", ""now"", ""please"", ""more"", ""less"", ""straw"", ""cup"", ""bottle"", ""ice"", ""no ice"", ""later"", ""not now"", ""thank you"", ""no thank"", ""yes"", ""no""]",false,adjective,yellow,,,
30,hungry,hungry,hungry,false,,false,2024-04-02 10:50:22 UTC,2024-04-20 19:58:39 UTC,finished,,"Create a high-resolution image of 'hungry' in the context of Going camping for a person at the age of 7-9. This image will be used to create AAC material for people with speech difficulties. Please make the images are clear, simple & appropriate for a person at the age given.",OpenaiPrompt,skipped,"[""eat"", ""food"", ""breakfast"", ""lunch"", ""dinner"", ""snack"", ""drink"", ""water"", ""milk"", ""juice"", ""fruit"", ""vegetable"", ""bread"", ""meat"", ""chicken"", ""fish"", ""cheese"", ""rice"", ""pasta"", ""sandwich"", ""salad"", ""pizza"", ""hot"", ""cold""]",false,adjective,yellow,,,
9,excited,excited,excited,false,,false,2024-04-01 21:21:29 UTC,2024-04-20 19:58:39 UTC,,,"Create a high-resolution image of 'excited' in the context of Going camping for a person at the age of 7-9. This image will be used to create AAC material for people with speech difficulties. Please make the images are clear, simple & appropriate for a person at the age given.",OpenaiPrompt,skipped,"[""about"", ""because"", ""to see"", ""to go"", ""to hear"", ""to do"", ""to tell"", ""to show"", ""for"", ""very"", ""so"", ""can't wait"", ""looking forward"", ""tomorrow"", ""today"", ""next"", ""soon"", ""later"", ""finally"", ""again"", ""more"", ""too"", ""also"", ""still""]",false,adjective,yellow,,,
1907,ceremony,ceremony,ceremony,false,,false,2024-04-04 12:46:05 UTC,2024-04-20 19:58:40 UTC,finished,,"Create a high-resolution image of 'ceremony' in the context of Attending a wedding for a person at the age of 13+. This image will be used to create AAC material for people with speech difficulties. Please make the images are clear, simple & appropriate for a person at the age given.",OpenaiPrompt,skipped,[],false,noun,blue,,,
22,help,help,help,false,,false,2024-04-02 10:50:22 UTC,2024-04-20 19:58:41 UTC,,,"Create a high-resolution image of 'help' in the context of Going camping for a person at the age of 7-9. This image will be used to create AAC material for people with speech difficulties. Please make the images are clear, simple & appropriate for a person at the age given.",OpenaiPrompt,active,"[""need"", ""want"", ""please"", ""me"", ""you"", ""it"", ""hurt"", ""feel"", ""can't"", ""don't know"", ""stuck"", ""fall"", ""scared"", ""lost"", ""find"", ""open"", ""close"", ""lift"", ""move"", ""turn on"", ""turn off"", ""too much"", ""too little"", ""stop""]",false,verb,green,,,
1,happy,happy,happy,false,,false,2024-04-01 21:17:59 UTC,2024-04-20 19:58:42 UTC,finished,,"Create a high-resolution image of 'happy' in the context of Going to the fair for a person at the age of 1-3. This image will be used to create AAC material for people with speech difficulties. Please make the images are clear, simple & appropriate for a person at the age given.",OpenaiPrompt,active,"[""I am"", ""feel"", ""so"", ""very"", ""to see"", ""to hear"", ""makes me"", ""because"", ""when"", ""you are"", ""we are"", ""they are"", ""it makes"", ""to be"", ""today"", ""now"", ""can"", ""love"", ""like"", ""enjoy"", ""want"", ""need"", ""hope"", ""wish""]",false,adjective,yellow,,,
1000,customs,customs,customs,false,,false,2024-04-02 20:31:22 UTC,2024-04-20 19:58:42 UTC,,,"Create a high-resolution image of 'customs' in the context of Attending a wedding for a person at the age of 13+. This image will be used to create AAC material for people with speech difficulties. Please make the images are clear, simple & appropriate for a person at the age given.",OpenaiPrompt,active,[],false,noun,blue,,,
304,fun,fun,fun,false,,false,2024-04-02 18:02:19 UTC,2024-04-20 19:58:43 UTC,,,"Create a high-resolution image of 'fun' in the context of Attending a wedding for a person at the age of 13+. This image will be used to create AAC material for people with speech difficulties. Please make the images are clear, simple & appropriate for a person at the age given.",OpenaiPrompt,skipped,"[""play"", ""enjoy"", ""happy"", ""excited"", ""laughter"", ""smile"", ""joke"", ""game"", ""party"", ""dance"", ""sing"", ""celebrate"", ""like"", ""love"", ""joy"", ""amusement"", ""entertainment"", ""pleasure"", ""hobby"", ""movies"", ""music"", ""adventure"", ""travel"", ""relax""]",false,noun,blue,,,
1908,beautiful,beautiful,beautiful,false,,false,2024-04-04 12:46:07 UTC,2024-04-20 19:58:43 UTC,finished,,"Create a high-resolution image of 'beautiful' in the context of Attending a wedding for a person at the age of 13+. This image will be used to create AAC material for people with speech difficulties. Please make the images are clear, simple & appropriate for a person at the age given.",OpenaiPrompt,active,[],false,adjective,yellow,,,
1910,crowded,crowded,crowded,false,,false,2024-04-04 12:46:09 UTC,2024-04-20 19:58:44 UTC,finished,,"Create a high-resolution image of 'crowded' in the context of Attending a wedding for a person at the age of 13+. This image will be used to create AAC material for people with speech difficulties. Please make the images are clear, simple & appropriate for a person at the age given.",OpenaiPrompt,active,[],false,adjective,yellow,,,
1909,delicious,delicious,delicious,false,,false,2024-04-04 12:46:08 UTC,2024-04-20 19:58:37 UTC,finished,,"Create a high-resolution image of 'delicious' in the context of Attending a wedding for a person at the age of 13+. This image will be used to create AAC material for people with speech difficulties. Please make the images are clear, simple & appropriate for a person at the age given.",OpenaiPrompt,active,[],false,adjective,yellow,,,
658,music,music,music,false,,false,2024-04-02 20:23:10 UTC,2024-04-20 19:58:37 UTC,,,"Create a high-resolution image of 'music' in the context of Attending a wedding for a person at the age of 13+. This image will be used to create AAC material for people with speech difficulties. Please make the images are clear, simple & appropriate for a person at the age given.",OpenaiPrompt,active,[],false,noun,blue,,,
1016,dress,dress,dress,false,,false,2024-04-02 20:31:30 UTC,2024-04-20 19:58:46 UTC,,,"Create a high-resolution image of 'dress' in the context of Getting ready for school & catching the bus in winter time. for a person at the age of 4-6. This image will be used to create AAC material for people with speech difficulties. Please make the images are clear, simple & appropriate for a person at the age given.",OpenaiPrompt,active,[],false,noun,blue,,,
1919,seat,seat,seat,false,,false,2024-04-04 13:39:03 UTC,2024-04-20 19:59:26 UTC,finished,,"Create a high-resolution image of 'seat' in the context of Getting ready for school & catching the bus in winter time. for a person at the age of 4-6. This image will be used to create AAC material for people with speech difficulties. Please make the images are clear, simple & appropriate for a person at the age given.",OpenaiPrompt,active,[],false,noun,blue,,,
1913,suit,suit,suit,false,,false,2024-04-04 12:46:13 UTC,2024-04-20 19:59:26 UTC,finished,,"Create a high-resolution image of 'suit' in the context of Attending a wedding for a person at the age of 13+. This image will be used to create AAC material for people with speech difficulties. Please make the images are clear, simple & appropriate for a person at the age given.",OpenaiPrompt,active,[],false,noun,blue,,,
1915,wedding,wedding,wedding,false,,false,2024-04-04 12:46:16 UTC,2024-04-20 19:59:27 UTC,,,"Create a high-resolution image of 'wedding' in the context of Attending a wedding for a person at the age of 13+. This image will be used to create AAC material for people with speech difficulties. Please make the images are clear, simple & appropriate for a person at the age given.",OpenaiPrompt,active,[],false,noun,blue,,,
1906,groom,groom,groom,false,,false,2024-04-04 12:46:04 UTC,2024-04-20 19:59:27 UTC,finished,,"Create a high-resolution image of 'groom' in the context of Attending a wedding for a person at the age of 13+. This image will be used to create AAC material for people with speech difficulties. Please make the images are clear, simple & appropriate for a person at the age given.",OpenaiPrompt,skipped,[],false,noun,blue,,,
1920,menu,menu,menu,false,,false,2024-04-04 13:39:05 UTC,2024-04-20 19:59:28 UTC,finished,,"Create a high-resolution image of 'menu' in the context of Going to eat at Olive Garden with family for a person at the age of 13+. This image will be used to create AAC material for people with speech difficulties. Please make the images are clear, simple & appropriate for a person at the age given.",OpenaiPrompt,active,[],false,noun,blue,,,
1589,goodbye,goodbye,goodbye,false,,false,2024-04-03 18:26:51 UTC,2024-04-20 19:59:29 UTC,,,"Create a high-resolution image of 'goodbye' in the context of Getting ready for school & catching the bus in winter time. for a person at the age of 4-6. This image will be used to create AAC material for people with speech difficulties. Please make the images are clear, simple & appropriate for a person at the age given.",OpenaiPrompt,active,[],false,interjection,teal,,,
1918,arrive,arrive,arrive,false,,false,2024-04-04 13:39:02 UTC,2024-04-20 19:59:29 UTC,finished,,"Create a high-resolution image of 'arrive' in the context of vacation for a person at the age of 0-3. This image will be used to create AAC material for people with speech difficulties. Please make the images are clear, simple & appropriate for a person at the age given.",OpenaiPrompt,active,[],false,verb,green,,,
1911,thanks,thanks,thanks,false,,false,2024-04-04 12:46:10 UTC,2024-04-20 19:59:30 UTC,finished,,"Create a high-resolution image of 'thanks' in the context of Going to eat at Olive Garden with family for a person at the age of 13+. This image will be used to create AAC material for people with speech difficulties. Please make the images are clear, simple & appropriate for a person at the age given.",OpenaiPrompt,active,[],false,noun,blue,,,
1112,cake,cake,cake,false,,false,2024-04-02 20:33:17 UTC,2024-04-20 19:59:30 UTC,,,"Create a high-resolution image of 'cake' in the context of Attending a wedding for a person at the age of 13+. This image will be used to create AAC material for people with speech difficulties. Please make the images are clear, simple & appropriate for a person at the age given.",OpenaiPrompt,active,[],false,noun,blue,,,
1912,gift,gift,gift,false,,false,2024-04-04 12:46:12 UTC,2024-04-20 19:59:31 UTC,finished,,"Create a high-resolution image of 'gift' in the context of Going to a birthday party for a person at the age of 8-12. This image will be used to create AAC material for people with speech difficulties. Please make the images are clear, simple & appropriate for a person at the age given.",OpenaiPrompt,active,[],false,noun,blue,,,
214,wait,wait,wait,false,,false,2024-04-02 17:57:39 UTC,2024-04-20 19:59:32 UTC,,,"Create a high-resolution image of 'wait' in the context of Going to eat at Olive Garden with family for a person at the age of 13+. This image will be used to create AAC material for people with speech difficulties. Please make the images are clear, simple & appropriate for a person at the age given.",OpenaiPrompt,active,"[""please"", ""moment"", ""patient"", ""stop"", ""go"", ""long"", ""short"", ""finish"", ""start"", ""need"", ""understand"", ""more"", ""less"", ""quick"", ""slow"", ""help"", ""ready"", ""pause"", ""continue"", ""later"", ""now"", ""done"", ""not yet"", ""soon""]",false,verb,green,,,
1905,bride,bride,bride,false,,false,2024-04-04 12:46:03 UTC,2024-04-20 19:59:32 UTC,finished,,"Create a high-resolution image of 'bride' in the context of Attending a wedding for a person at the age of 13+. This image will be used to create AAC material for people with speech difficulties. Please make the images are clear, simple & appropriate for a person at the age given.",OpenaiPrompt,skipped,[],false,noun,blue,,,
1914,speech,speech,speech,false,,false,2024-04-04 12:46:14 UTC,2024-04-20 19:58:45 UTC,finished,,"Create a high-resolution image of 'speech' in the context of Attending a wedding for a person at the age of 13+. This image will be used to create AAC material for people with speech difficulties. Please make the images are clear, simple & appropriate for a person at the age given.",OpenaiPrompt,active,[],false,noun,blue,,,
1916,reception,reception,reception,false,,false,2024-04-04 12:46:16 UTC,2024-04-20 19:58:45 UTC,,,"Create a high-resolution image of 'reception' in the context of Attending a wedding for a person at the age of 13+. This image will be used to create AAC material for people with speech difficulties. Please make the images are clear, simple & appropriate for a person at the age given.",OpenaiPrompt,active,[],false,noun,blue,,,
28,bathroom,bathroom,bathroom,false,,false,2024-04-02 10:50:22 UTC,2024-04-20 19:59:33 UTC,finished,,"Create a high-resolution image of 'bathroom' in the context of Going camping for a person at the age of 7-9. This image will be used to create AAC material for people with speech difficulties. Please make the images are clear, simple & appropriate for a person at the age given.",OpenaiPrompt,skipped,"[""need"", ""go"", ""wash hands"", ""toilet paper"", ""clean"", ""dirty"", ""sink"", ""towel"", ""soap"", ""shower"", ""bath"", ""water"", ""hot"", ""cold"", ""dry"", ""wet"", ""mirror"", ""brush teeth"", ""hair"", ""comb"", ""shampoo"", ""conditioner"", ""light"", ""fan""]",false,noun,blue,,,
1922,pay,pay,pay,false,,false,2024-04-04 13:39:07 UTC,2024-04-20 19:59:34 UTC,finished,,"Create a high-resolution image of 'pay' in the context of Going to eat at Olive Garden with family for a person at the age of 13+. This image will be used to create AAC material for people with speech difficulties. Please make the images are clear, simple & appropriate for a person at the age given.",OpenaiPrompt,active,[],false,verb,green,,,
1921,order,order,order,false,,false,2024-04-04 13:39:06 UTC,2024-04-20 19:59:34 UTC,finished,,"Create a high-resolution image of 'order' in the context of First day at a new job at McDonalds for a person at the age of 13+. This image will be used to create AAC material for people with speech difficulties. Please make the images are clear, simple & appropriate for a person at the age given.",OpenaiPrompt,active,[],false,noun,blue,,,
1923,duck,duck,duck,false,,false,2024-04-04 13:44:52 UTC,2024-04-20 19:59:35 UTC,finished,,"Create a high-resolution image of 'duck' in the context of Going to the park for a person at the age of 0-3. This image will be used to create AAC material for people with speech difficulties. Please make the images are clear, simple & appropriate for a person at the age given.",OpenaiPrompt,active,[],false,noun,blue,,,
492,food,food,food,false,,false,2024-04-02 18:09:11 UTC,2024-04-20 19:59:35 UTC,,,"Create a high-resolution image of 'food' in the context of First day at a new job at McDonalds for a person at the age of 13+. This image will be used to create AAC material for people with speech difficulties. Please make the images are clear, simple & appropriate for a person at the age given.",OpenaiPrompt,active,[],false,noun,blue,,,
725,allergy,allergy,allergy,false,,false,2024-04-02 20:24:31 UTC,2024-04-20 19:59:36 UTC,,,"Create a high-resolution image of 'allergy' in the context of Going to eat at Olive Garden with family for a person at the age of 13+. This image will be used to create AAC material for people with speech difficulties. Please make the images are clear, simple & appropriate for a person at the age given.",OpenaiPrompt,active,[],false,noun,blue,,,
78,like,like,like,false,,false,2024-04-02 17:50:30 UTC,2024-04-20 19:59:37 UTC,,,"Create a high-resolution image of 'like' in the context of Going to eat at Olive Garden with family for a person at the age of 13+. This image will be used to create AAC material for people with speech difficulties. Please make the images are clear, simple & appropriate for a person at the age given.",OpenaiPrompt,active,"[""want"", ""need"", ""more"", ""all done"", ""help"", ""yes"", ""no"", ""please"", ""thank you"", ""sorry"", ""love"", ""happy"", ""sad"", ""angry"", ""scared"", ""hurt"", ""play"", ""eat"", ""drink"", ""sleep"", ""go"", ""come"", ""see"", ""hear""]",false,verb,green,,,
244,talk,talk,talk,false,,false,2024-04-02 17:59:13 UTC,2024-04-20 19:59:37 UTC,,,"Create a high-resolution image of 'talk' in the context of Going to eat at Olive Garden with family for a person at the age of 13+. This image will be used to create AAC material for people with speech difficulties. Please make the images are clear, simple & appropriate for a person at the age given.",OpenaiPrompt,active,[],false,verb,green,,,
1924,manager,manager,manager,false,,false,2024-04-04 13:46:17 UTC,2024-04-20 19:59:38 UTC,finished,,"Create a high-resolution image of 'manager' in the context of First day at a new job at McDonalds for a person at the age of 13+. This image will be used to create AAC material for people with speech difficulties. Please make the images are clear, simple & appropriate for a person at the age given.",OpenaiPrompt,active,[],false,noun,blue,,,
19,more,more,more,false,,false,2024-04-02 10:50:22 UTC,2024-04-20 19:59:38 UTC,finished,the server responded with status 400,"Create a high-resolution image of 'more' in the context of Going to eat at Olive Garden with family for a person at the age of 13+. This image will be used to create AAC material for people with speech difficulties. Please make the images are clear, simple & appropriate for a person at the age given.",OpenaiPrompt,skipped,"[""please"", ""want"", ""need"", ""like"", ""don't like"", ""feel"", ""go"", ""see"", ""hear"", ""touch"", ""taste"", ""smell"", ""think"", ""know"", ""remember"", ""forget"", ""love"", ""hate"", ""happy"", ""sad"", ""angry"", ""scared"", ""excited"", ""surprised""]",false,adjective,yellow,,,
83,drink,drink,drink,false,,false,2024-04-02 17:50:48 UTC,2024-04-20 19:59:39 UTC,finished,,"Create a high-resolution image of 'drink' in the context of Going to the fair for a person at the age of 1-3. This image will be used to create AAC material for people with speech difficulties. Please make the images are clear, simple & appropriate for a person at the age given.",OpenaiPrompt,skipped,"[""water"", ""juice"", ""milk"", ""coffee"", ""tea"", ""soda"", ""hot"", ""cold"", ""more"", ""less"", ""please"", ""thank you"", ""yes"", ""no"", ""thirsty"", ""cup"", ""glass"", ""bottle"", ""straw"", ""now"", ""later"", ""finished"", ""like"", ""dislike""]",false,verb,green,,,
1204,cash,cash,cash,false,,false,2024-04-02 20:37:18 UTC,2024-04-20 19:59:40 UTC,,,"Create a high-resolution image of 'cash' in the context of First day at a new job at McDonalds for a person at the age of 13+. This image will be used to create AAC material for people with speech difficulties. Please make the images are clear, simple & appropriate for a person at the age given.",OpenaiPrompt,active,[],false,noun,blue,,,
197,clean,clean,clean,false,,false,2024-04-02 17:56:58 UTC,2024-04-20 19:59:33 UTC,,,"Create a high-resolution image of 'clean' in the context of Getting ready for school & catching the bus in winter time. for a person at the age of 4-6. This image will be used to create AAC material for people with speech difficulties. Please make the images are clear, simple & appropriate for a person at the age given.",OpenaiPrompt,active,"[""up"", ""down"", ""dirty"", ""wash"", ""soap"", ""water"", ""brush"", ""room"", ""clothes"", ""teeth"", ""hands"", ""dish"", ""floor"", ""car"", ""window"", ""shower"", ""bath"", ""laundry"", ""wipe"", ""sweep"", ""rinse"", ""dust"", ""scrub"", ""polish""]",false,adjective,yellow,,,
1925,customers,customers,customers,false,,false,2024-04-04 13:46:18 UTC,2024-04-20 19:59:40 UTC,finished,,"Create a high-resolution image of 'customers' in the context of First day at a new job at McDonalds for a person at the age of 13+. This image will be used to create AAC material for people with speech difficulties. Please make the images are clear, simple & appropriate for a person at the age given.",OpenaiPrompt,active,[],false,noun,blue,,,
1926,preferences,preferences,preferences,false,,false,2024-04-04 13:46:19 UTC,2024-04-20 19:59:41 UTC,finished,,"Create a high-resolution image of 'preferences' in the context of First day at a new job at McDonalds for a person at the age of 13+. This image will be used to create AAC material for people with speech difficulties. Please make the images are clear, simple & appropriate for a person at the age given.",OpenaiPrompt,active,[],false,noun,blue,,,
1928,soft drink,A glass of soda.,A glass of soda.,false,,false,2024-04-05 12:55:25 UTC,2024-04-14 19:26:27 UTC,finished,,,Menu,active,[],false,,,,,
1936,two eggs two pieces of bacon or sausage,"Two eggs with bacon or sausage served with fruit, toast, or cheeseburger.","Two eggs with bacon or sausage served with fruit, toast, or cheeseburger.",false,,false,2024-04-05 12:55:34 UTC,2024-04-05 12:57:57 UTC,finished,,,Menu,active,[],false,,,,,
1934,add chicken,Chicken added to the dish.,Chicken added to the dish.,false,,false,2024-04-05 12:55:32 UTC,2024-04-05 12:57:58 UTC,finished,,,Menu,active,[],false,,,,,
1930,two shortstack pancakes,"Two pancakes with Texas toast, whipped cream, and powdered sugar.","Two pancakes with Texas toast, whipped cream, and powdered sugar.",false,,false,2024-04-05 12:55:27 UTC,2024-04-14 19:26:27 UTC,finished,,,Menu,active,[],false,,,,,
1932,two strips of bacon,Two crispy bacon strips.,Two crispy bacon strips.,false,,false,2024-04-05 12:55:30 UTC,2024-04-05 12:57:58 UTC,finished,,,Menu,active,[],false,,,,,
234,break,break,break,false,,false,2024-04-02 17:58:51 UTC,2024-04-20 19:59:42 UTC,,,"Create a high-resolution image of 'break' in the context of First day at a new job at McDonalds for a person at the age of 13+. This image will be used to create AAC material for people with speech difficulties. Please make the images are clear, simple & appropriate for a person at the age given.",OpenaiPrompt,active,[],false,verb,green,,,
1946,kids poutine,Hand cut fries with cheese curds and gravy.,Hand cut fries with cheese curds and gravy.,false,,false,2024-04-05 13:17:09 UTC,2024-04-05 13:18:36 UTC,finished,,,Menu,active,[],false,,,,,
1933,cheese quesadilla,"Cheese quesadilla with scrambled eggs, bacon, and mixed cheese on a bun.","Cheese quesadilla with scrambled eggs, bacon, and mixed cheese on a bun.",false,,false,2024-04-05 12:55:31 UTC,2024-04-14 19:26:29 UTC,finished,,,Menu,active,[],false,,,,,
1943,kids flame broiled burger,Flame broiled burger on a bun with optional cheddar cheese.,Flame broiled burger on a bun with optional cheddar cheese.,false,,false,2024-04-05 13:17:02 UTC,2024-04-05 13:18:37 UTC,finished,,,Menu,active,[],false,,,,,
6,tired,tired,tired,false,,false,2024-04-01 21:21:26 UTC,2024-04-20 19:59:43 UTC,,,"Create a high-resolution image of 'tired' in the context of vacation for a person at the age of 0-3. This image will be used to create AAC material for people with speech difficulties. Please make the images are clear, simple & appropriate for a person at the age given.",OpenaiPrompt,active,"[""need"", ""rest"", ""sleep"", ""nap"", ""bed"", ""lay down"", ""sit"", ""relax"", ""quiet"", ""stop"", ""drink"", ""eat"", ""bathroom"", ""help"", ""home"", ""blanket"", ""pillow"", ""dark"", ""light off"", ""no noise"", ""comfortable"", ""warm"", ""soft"", ""soothing""]",false,adjective,yellow,,,
1954,hi,hi,hi,false,,false,2024-04-07 14:00:08 UTC,2024-04-20 19:59:43 UTC,finished,,"Create a high-resolution image of 'hi' in the context of Going to grandma's house for a sleep over for a person at the age of 1-3. This image will be used to create AAC material for people with speech difficulties. Please make the images are clear, simple & appropriate for a person at the age given.",OpenaiPrompt,active,[],false,interjection,teal,,,
1927,chocolate milk,A glass of chocolate milk.,A glass of chocolate milk.,false,,false,2024-04-05 12:55:23 UTC,2024-04-05 12:56:55 UTC,finished,,,Menu,active,[],false,,,,,
1952,potty,potty,potty,false,,false,2024-04-07 13:59:25 UTC,2024-04-20 19:59:44 UTC,finished,,"Create a high-resolution image of 'potty' in the context of First day of school for a person at the age of 1-3. This image will be used to create AAC material for people with speech difficulties. Please make the images are clear, simple & appropriate for a person at the age given.",OpenaiPrompt,active,[],false,noun,blue,,,
1929,apple juice,A glass of apple juice.,A glass of apple juice.,false,,false,2024-04-05 12:55:26 UTC,2024-04-05 12:56:55 UTC,finished,,,Menu,active,[],false,,,,,
1945,kids waffle,Waffle with icing sugar and maple syrup.,Waffle with icing sugar and maple syrup.,false,,false,2024-04-05 13:17:08 UTC,2024-04-05 13:18:31 UTC,finished,,,Menu,active,[],false,,,,,
1931,add two sausage links,Two sausage links.,Two sausage links.,false,,false,2024-04-05 12:55:29 UTC,2024-04-05 12:56:56 UTC,finished,,,Menu,active,[],false,,,,,
1942,white meat tenders,Chicken breast tenders with hand cut fries and sauce.,Chicken breast tenders with hand cut fries and sauce.,false,,false,2024-04-05 13:17:00 UTC,2024-04-05 13:18:33 UTC,finished,,,Menu,active,[],false,,,,,
1944,kids pasta,"Macaroni pasta with choice of marinara, four cheese, or salted butter.","Macaroni pasta with choice of marinara, four cheese, or salted butter.",false,,false,2024-04-05 13:17:06 UTC,2024-04-05 13:18:34 UTC,finished,,,Menu,active,[],false,,,,,
1935,add side of fruit,Side dish of various fruits.,Side dish of various fruits.,false,,false,2024-04-05 12:55:33 UTC,2024-04-05 12:57:57 UTC,finished,,,Menu,active,[],false,,,,,
1948,sweet potato fries,Sweet potato fries.,Sweet potato fries.,false,,false,2024-04-05 13:17:13 UTC,2024-04-05 13:19:38 UTC,finished,,,Menu,active,[],false,,,,,
1947,fries,Hand cut fries.,Hand cut fries.,false,,false,2024-04-05 13:17:11 UTC,2024-04-05 13:19:39 UTC,finished,,,Menu,active,[],false,,,,,
1949,steamed broccoli,Steamed broccoli.,Steamed broccoli.,false,,false,2024-04-05 13:17:14 UTC,2024-04-05 13:19:39 UTC,finished,,,Menu,active,[],false,,,,,
1957,dad,dad,dad,false,,false,2024-04-07 14:00:11 UTC,2024-04-20 19:59:45 UTC,finished,,"Create a high-resolution image of 'dad' in the context of Going to grandma's house for a sleep over for a person at the age of 1-3. This image will be used to create AAC material for people with speech difficulties. Please make the images are clear, simple & appropriate for a person at the age given.",OpenaiPrompt,active,[],false,noun,blue,,,
607,home,home,home,false,,false,2024-04-02 19:10:03 UTC,2024-04-20 20:00:31 UTC,,,"Create a high-resolution image of 'home' in the context of Going to grandma's house for a sleep over for a person at the age of 1-3. This image will be used to create AAC material for people with speech difficulties. Please make the images are clear, simple & appropriate for a person at the age given.",OpenaiPrompt,active,[],false,noun,blue,,,
553,blanket,blanket,blanket,false,,false,2024-04-02 18:55:59 UTC,2024-04-20 20:00:31 UTC,finished,,"Create a high-resolution image of 'blanket' in the context of Going to grandma's house for a sleep over for a person at the age of 1-3. This image will be used to create AAC material for people with speech difficulties. Please make the images are clear, simple & appropriate for a person at the age given.",OpenaiPrompt,skipped,[],true,noun,blue,,,
769,toys,toys,toys,false,,false,2024-04-02 20:25:47 UTC,2024-04-20 20:00:32 UTC,,,"Create a high-resolution image of 'toys' in the context of vacation for a person at the age of 0-3. This image will be used to create AAC material for people with speech difficulties. Please make the images are clear, simple & appropriate for a person at the age given.",OpenaiPrompt,active,[],false,noun,blue,,,
187,cold,cold,cold,false,,false,2024-04-02 17:56:30 UTC,2024-04-20 20:00:33 UTC,finished,,"Create a high-resolution image of 'cold' in the context of Going camping for a person at the age of 7-9. This image will be used to create AAC material for people with speech difficulties. Please make the images are clear, simple & appropriate for a person at the age given.",OpenaiPrompt,active,"[""feeling"", ""weather"", ""drink"", ""food"", ""outside"", ""inside"", ""temperature"", ""ice"", ""snow"", ""freeze"", ""warmer"", ""heater"", ""blanket"", ""jacket"", ""sick"", ""flu"", ""runny nose"", ""medicine"", ""hot tea"", ""soup"", ""bed"", ""rest"", ""doctor"", ""pharmacy""]",false,adjective,yellow,,,
1958,hotel,hotel,hotel,false,,false,2024-04-07 15:51:08 UTC,2024-04-20 20:00:33 UTC,finished,,"Create a high-resolution image of 'hotel' in the context of Going to Las Vegas on vacation for a person at the age of 22-25. This image will be used to create AAC material for people with speech difficulties. Please make the images are clear, simple & appropriate for a person at the age given.",OpenaiPrompt,active,[],false,noun,blue,,,
898,animals,animals,animals,false,,false,2024-04-02 20:29:46 UTC,2024-04-20 20:00:34 UTC,,,"Create a high-resolution image of 'animals' in the context of vacation for a person at the age of 0-3. This image will be used to create AAC material for people with speech difficulties. Please make the images are clear, simple & appropriate for a person at the age given.",OpenaiPrompt,active,[],false,noun,blue,,,
85,sleep,sleep,sleep,false,,false,2024-04-02 17:50:59 UTC,2024-04-20 20:00:34 UTC,,,"Create a high-resolution image of 'sleep' in the context of vacation for a person at the age of 0-3. This image will be used to create AAC material for people with speech difficulties. Please make the images are clear, simple & appropriate for a person at the age given.",OpenaiPrompt,active,"[""tired"", ""bed"", ""night"", ""dream"", ""rest"", ""awake"", ""nap"", ""quiet"", ""comfortable"", ""dark"", ""pillow"", ""blanket"", ""time"", ""late"", ""early"", ""morning"", ""snore"", ""wake up"", ""alarm"", ""hours"", ""bedtime"", ""snooze"", ""deep"", ""insomnia""]",false,verb,green,,,
1956,mom,mom,mom,false,,false,2024-04-07 14:00:11 UTC,2024-04-20 20:00:35 UTC,finished,,"Create a high-resolution image of 'mom' in the context of Going to grandma's house for a sleep over for a person at the age of 1-3. This image will be used to create AAC material for people with speech difficulties. Please make the images are clear, simple & appropriate for a person at the age given.",OpenaiPrompt,active,[],false,noun,blue,,,
805,ride,ride,ride,false,,false,2024-04-02 20:26:28 UTC,2024-04-20 20:00:35 UTC,,,"Create a high-resolution image of 'ride' in the context of Going to the fair for a person at the age of 10-12. This image will be used to create AAC material for people with speech difficulties. Please make the images are clear, simple & appropriate for a person at the age given.",OpenaiPrompt,active,[],false,verb,green,,,
206,bath,bath,bath,false,,false,2024-04-02 17:57:23 UTC,2024-04-20 20:00:36 UTC,,,"Create a high-resolution image of 'bath' in the context of Going to grandma's house for a sleep over for a person at the age of 1-3. This image will be used to create AAC material for people with speech difficulties. Please make the images are clear, simple & appropriate for a person at the age given.",OpenaiPrompt,active,"[""hot"", ""cold"", ""water"", ""soap"", ""towel"", ""shampoo"", ""rinse"", ""dry"", ""clean"", ""dirty"", ""bubbles"", ""splash"", ""wet"", ""sink"", ""shower"", ""washcloth"", ""sponge"", ""brush"", ""scrub"", ""drain"", ""fill"", ""float"", ""sink"", ""relax""]",false,noun,blue,,,
188,hot,hot,hot,false,,false,2024-04-02 17:56:34 UTC,2024-04-20 20:00:37 UTC,,,"Create a high-resolution image of 'hot' in the context of Going camping for a person at the age of 7-9. This image will be used to create AAC material for people with speech difficulties. Please make the images are clear, simple & appropriate for a person at the age given.",OpenaiPrompt,active,"[""drink"", ""weather"", ""touch"", ""feel"", ""burn"", ""sweat"", ""sun"", ""spicy"", ""temperature"", ""day"", ""summer"", ""coffee"", ""sauce"", ""soup"", ""oven"", ""stove"", ""pot"", ""plate"", ""water"", ""air"", ""outside"", ""inside"", ""fire"", ""food""]",false,adjective,yellow,,,
1955,diaper,diaper,diaper,false,,false,2024-04-07 14:00:10 UTC,2024-04-20 20:00:37 UTC,error,the server responded with status 400,"Create a high-resolution image of 'diaper' in the context of vacation for a person at the age of 0-3. This image will be used to create AAC material for people with speech difficulties. Please make the images are clear, simple & appropriate for a person at the age given.",OpenaiPrompt,active,[],false,noun,blue,,,
1953,grandma,grandma,grandma,false,,false,2024-04-07 14:00:08 UTC,2024-04-20 19:59:44 UTC,finished,,"Create a high-resolution image of 'grandma' in the context of Going to grandma's house for a sleep over for a person at the age of 1-3. This image will be used to create AAC material for people with speech difficulties. Please make the images are clear, simple & appropriate for a person at the age given.",OpenaiPrompt,skipped,[],false,noun,blue,,,
1961,airplane,airplane,airplane,false,,false,2024-04-07 15:51:12 UTC,2024-04-20 20:00:40 UTC,finished,,"Create a high-resolution image of 'airplane' in the context of Going to Las Vegas on vacation for a person at the age of 22-25. This image will be used to create AAC material for people with speech difficulties. Please make the images are clear, simple & appropriate for a person at the age given.",OpenaiPrompt,skipped,[],false,noun,blue,,,
618,show,show,show,false,,false,2024-04-02 19:10:14 UTC,2024-04-20 20:00:40 UTC,,,"Create a high-resolution image of 'show' in the context of Going to Las Vegas on vacation for a person at the age of 22-25. This image will be used to create AAC material for people with speech difficulties. Please make the images are clear, simple & appropriate for a person at the age given.",OpenaiPrompt,active,[],false,verb,green,,,
1960,pack,pack,pack,false,,false,2024-04-07 15:51:11 UTC,2024-04-20 20:00:42 UTC,finished,,"Create a high-resolution image of 'pack' in the context of Going to Las Vegas on vacation for a person at the age of 22-25. This image will be used to create AAC material for people with speech difficulties. Please make the images are clear, simple & appropriate for a person at the age given.",OpenaiPrompt,active,[],false,noun,blue,,,
1965,safety,safety,safety,false,,false,2024-04-07 15:51:23 UTC,2024-04-20 20:00:44 UTC,finished,,"Create a high-resolution image of 'safety' in the context of Going to Las Vegas on vacation for a person at the age of 22-25. This image will be used to create AAC material for people with speech difficulties. Please make the images are clear, simple & appropriate for a person at the age given.",OpenaiPrompt,skipped,[],false,noun,blue,,,
1966,strip,strip,strip,false,,false,2024-04-07 15:51:24 UTC,2024-04-20 20:00:44 UTC,finished,,"Create a high-resolution image of 'strip' in the context of Going to Las Vegas on vacation for a person at the age of 22-25. This image will be used to create AAC material for people with speech difficulties. Please make the images are clear, simple & appropriate for a person at the age given.",OpenaiPrompt,active,[],false,verb,green,,,
1964,excitement,excitement,excitement,false,,false,2024-04-07 15:51:18 UTC,2024-04-20 20:00:45 UTC,finished,,"Create a high-resolution image of 'excitement' in the context of Going to Las Vegas on vacation for a person at the age of 22-25. This image will be used to create AAC material for people with speech difficulties. Please make the images are clear, simple & appropriate for a person at the age given.",OpenaiPrompt,skipped,[],false,noun,blue,,,
1963,casino,casino,casino,false,,false,2024-04-07 15:51:15 UTC,2024-04-20 20:00:46 UTC,finished,,"Create a high-resolution image of 'casino' in the context of Going to Las Vegas on vacation for a person at the age of 22-25. This image will be used to create AAC material for people with speech difficulties. Please make the images are clear, simple & appropriate for a person at the age given.",OpenaiPrompt,skipped,[],false,noun,blue,,,
1792,restaurant,restaurant,restaurant,false,,false,2024-04-03 18:35:26 UTC,2024-04-20 20:00:38 UTC,,,"Create a high-resolution image of 'restaurant' in the context of Going to Las Vegas on vacation for a person at the age of 22-25. This image will be used to create AAC material for people with speech difficulties. Please make the images are clear, simple & appropriate for a person at the age given.",OpenaiPrompt,active,[],false,noun,blue,,,
908,trip,trip,trip,false,,false,2024-04-02 20:29:52 UTC,2024-04-20 20:00:39 UTC,,,"Create a high-resolution image of 'trip' in the context of Going to Las Vegas on vacation for a person at the age of 22-25. This image will be used to create AAC material for people with speech difficulties. Please make the images are clear, simple & appropriate for a person at the age given.",OpenaiPrompt,active,[],false,noun,blue,,,
1959,booking,booking,booking,false,,false,2024-04-07 15:51:10 UTC,2024-04-20 20:00:39 UTC,finished,,"Create a high-resolution image of 'booking' in the context of Going to Las Vegas on vacation for a person at the age of 22-25. This image will be used to create AAC material for people with speech difficulties. Please make the images are clear, simple & appropriate for a person at the age given.",OpenaiPrompt,active,[],false,noun,blue,,,
1227,emergency,emergency,emergency,false,,false,2024-04-02 20:37:39 UTC,2024-04-20 20:00:43 UTC,,,"Create a high-resolution image of 'emergency' in the context of Going to Las Vegas on vacation for a person at the age of 22-25. This image will be used to create AAC material for people with speech difficulties. Please make the images are clear, simple & appropriate for a person at the age given.",OpenaiPrompt,active,[],false,noun,blue,,,
1962,directions,directions,directions,false,,false,2024-04-07 15:51:13 UTC,2024-04-20 20:00:43 UTC,finished,,"Create a high-resolution image of 'directions' in the context of Going to Las Vegas on vacation for a person at the age of 22-25. This image will be used to create AAC material for people with speech difficulties. Please make the images are clear, simple & appropriate for a person at the age given.",OpenaiPrompt,skipped,[],false,noun,blue,,,
1972,cheese itz,,,true,1,false,2024-04-08 21:15:45 UTC,2024-04-08 21:15:45 UTC,,,,,active,[],false,,,,,
612,train,train,train,false,,false,2024-04-02 19:10:08 UTC,2024-04-20 20:00:47 UTC,,,"Create a high-resolution image of 'train' in the context of vacation for a person at the age of 0-3. This image will be used to create AAC material for people with speech difficulties. Please make the images are clear, simple & appropriate for a person at the age given.",OpenaiPrompt,active,[],false,noun,blue,,,
339,lost,lost,lost,false,,false,2024-04-02 18:03:44 UTC,2024-04-20 20:00:48 UTC,,,"Create a high-resolution image of 'lost' in the context of Going to Las Vegas on vacation for a person at the age of 22-25. This image will be used to create AAC material for people with speech difficulties. Please make the images are clear, simple & appropriate for a person at the age given.",OpenaiPrompt,active,"[""help"", ""search"", ""find"", ""where"", ""don't know"", ""looking for"", ""can't see"", ""disappeared"", ""gone"", ""not here"", ""misplaced"", ""can't find"", ""need direction"", ""confused"", ""unsure"", ""seek"", ""need assistance"", ""wander"", ""missing"", ""need help"", ""directions"", ""wandering"", ""can't locate"", ""disoriented""]",false,verb,green,,,
1973,bacon,,,false,1,false,2024-04-09 21:06:56 UTC,2024-04-09 21:07:11 UTC,finished,,,,active,[],false,,,,,
1971,sand,sand,sand,false,,false,2024-04-07 19:10:43 UTC,2024-04-20 20:00:48 UTC,finished,,"Create a high-resolution image of 'sand' in the context of vacation for a person at the age of 0-3. This image will be used to create AAC material for people with speech difficulties. Please make the images are clear, simple & appropriate for a person at the age given.",OpenaiPrompt,active,[],false,noun,blue,,,
199,water,water,water,false,,false,2024-04-02 17:57:09 UTC,2024-04-20 20:00:49 UTC,,,"Create a high-resolution image of 'water' in the context of vacation for a person at the age of 0-3. This image will be used to create AAC material for people with speech difficulties. Please make the images are clear, simple & appropriate for a person at the age given.",OpenaiPrompt,active,"[""drink"", ""swim"", ""clean"", ""cold"", ""hot"", ""bottle"", ""wet"", ""dry"", ""thirsty"", ""need"", ""have"", ""more"", ""less"", ""like"", ""dislike"", ""safe"", ""dirty"", ""boil"", ""freeze"", ""rain"", ""ocean"", ""river"", ""bath"", ""shower""]",false,noun,blue,,,
1136,park,park,park,false,,false,2024-04-02 20:34:02 UTC,2024-04-20 20:00:49 UTC,,,"Create a high-resolution image of 'park' in the context of vacation for a person at the age of 0-3. This image will be used to create AAC material for people with speech difficulties. Please make the images are clear, simple & appropriate for a person at the age given.",OpenaiPrompt,active,[],false,noun,blue,,,
1967,bacon & eggs,Bacon and eggs served with toast.,Bacon and eggs served with toast.,false,,false,2024-04-07 18:52:16 UTC,2024-04-17 16:52:41 UTC,finished,,,Menu,active,[],false,,,,,
1970,explore,explore,explore,false,,false,2024-04-07 19:10:41 UTC,2024-04-20 20:00:50 UTC,finished,,"Create a high-resolution image of 'explore' in the context of vacation for a person at the age of 0-3. This image will be used to create AAC material for people with speech difficulties. Please make the images are clear, simple & appropriate for a person at the age given.",OpenaiPrompt,active,[],false,verb,green,,,
1974,cheeseburger,,,false,1,false,2024-04-09 21:14:09 UTC,2024-04-09 21:14:22 UTC,finished,,,,active,[],false,,,,,
1748,plane,plane,plane,false,,false,2024-04-03 18:34:39 UTC,2024-04-20 20:00:50 UTC,,,"Create a high-resolution image of 'plane' in the context of vacation for a person at the age of 0-3. This image will be used to create AAC material for people with speech difficulties. Please make the images are clear, simple & appropriate for a person at the age given.",OpenaiPrompt,active,[],false,noun,blue,,,
1975,mashed potatos,,,false,1,false,2024-04-09 21:17:52 UTC,2024-04-09 21:18:07 UTC,finished,,,,active,[],false,,,,,
1976,toast,Pieces of toasted bread.,Pieces of toasted bread.,false,1,false,2024-04-09 21:18:09 UTC,2024-04-14 19:26:45 UTC,finished,,,Menu,active,[],false,,,,,
1968,cheese & tomato pizza,Cheese and tomato pizza with napolitana sauce and mozzarella cheese.,Cheese and tomato pizza with napolitana sauce and mozzarella cheese.,false,,false,2024-04-07 18:52:18 UTC,2024-04-17 14:37:27 UTC,finished,,,Menu,active,[],false,,,,,
1977,bv,,,true,1,false,2024-04-10 10:04:43 UTC,2024-04-10 10:04:43 UTC,,,,,active,[],false,,,,,
1969,ham & pineapple pizza,Ham and pineapple pizza with napolitana sauce and mozzarella cheese.,Ham and pineapple pizza with napolitana sauce and mozzarella cheese.,false,,false,2024-04-07 18:52:20 UTC,2024-04-17 14:37:27 UTC,finished,,,Menu,active,[],false,,,,,
836,look,look,look,false,,false,2024-04-02 20:27:14 UTC,2024-04-20 20:00:51 UTC,,,"Create a high-resolution image of 'look' in the context of Going to the fair for a person at the age of 1-3. This image will be used to create AAC material for people with speech difficulties. Please make the images are clear, simple & appropriate for a person at the age given.",OpenaiPrompt,active,[],false,verb,green,,,
979,people,people,people,false,,false,2024-04-02 20:31:01 UTC,2024-04-20 20:00:51 UTC,,,"Create a high-resolution image of 'people' in the context of vacation for a person at the age of 0-3. This image will be used to create AAC material for people with speech difficulties. Please make the images are clear, simple & appropriate for a person at the age given.",OpenaiPrompt,active,[],false,noun,blue,,,
1704,curious,curious,curious,false,,false,2024-04-03 18:33:51 UTC,2024-04-20 20:00:46 UTC,,,"Create a high-resolution image of 'curious' in the context of vacation for a person at the age of 0-3. This image will be used to create AAC material for people with speech difficulties. Please make the images are clear, simple & appropriate for a person at the age given.",OpenaiPrompt,skipped,[],false,adjective,yellow,,,
772,car,car,car,false,,false,2024-04-02 20:25:50 UTC,2024-04-20 20:00:47 UTC,,,"Create a high-resolution image of 'car' in the context of vacation for a person at the age of 0-3. This image will be used to create AAC material for people with speech difficulties. Please make the images are clear, simple & appropriate for a person at the age given.",OpenaiPrompt,active,[],false,noun,blue,,,
